Product Name,Price
Manual Cylindrical Grinding Machine,"₹ 2,15,000/Piece"
Carbide Rod Cylindrical Grinding Machine,"₹ 4,27,000/Piece"
Stator Core Grinding Machine,"₹ 68,000/Piece"
Universal Cylindrical Grinding Machine,"₹ 7,45,000/Piece"
Hydraulic Universal Cylindrical Grinders,"₹ 7,50,000/Piece"
OD ID Grinding Machine,"₹ 8,98,000/Piece"
Centerless Grinding Machines,"₹ 5,80,000/Piece"
CNC Cylindrical Grinding Machine,"₹ 32,00,000/Piece"
Manual Cylindrical Grinding Machine (Alt Price),"₹ 3,05,000/Piece"
External Cylindrical Grinding Machine,"₹ 8,98,000/Piece"
Hydraulic Centerless Grinding Machine,"₹ 7,25,000/Piece"
Cnc Cylindrical Grinding Machines,"₹ 28,000/Piece"
Hydraulic Cylindrical Grinding Machine,"₹ 8,76,000/Piece"
Internal Grinding Machine,"₹ 5,50,000/Piece"
Cylindrical Grinding Machine Job Work,₹ 500/Square Inch
Internal Cylindrical Grinding Machine,"₹ 6,98,000/Piece"
ID Grinding Machine,"₹ 7,75,000/Piece"
Cutter OD Grinding Machine,"₹ 18,00,000/Piece"
Angle Wheel Dresser,"₹ 28,000/Piece"
Hydraulic Internal Grinding Machine,"₹ 7,25,000/Piece"
Cylindrical Grinding Machine,"₹ 8,25,000/Piece"
Cot Grinding Machine,"₹ 4,25,000/Piece"
Scrubber Machine Roll Grinding Machine,"₹ 5,35,000/Piece"
Auto Cut Grinding Machine,"₹ 7,25,000/number"
Cot And Apron Grinding Machine,"₹ 6,25,000/Piece"
Carbide Rod Grinding Machine,"₹ 5,80,000/Piece"
Roll Grinder Machine,"₹ 18,00,000/Piece"
Rubber Roll Grinder,"₹ 12,45,000/Piece"
Hydraulic Roll Grinding Machine,"₹ 11,25,000/Piece"
Roll Grinders,"₹ 24,00,000/Piece"
Fan Shaft Grinding Machine,"₹ 4,90,000/Piece"
